e,k,s,n,f,n,a,c,b,y,e,?,s,s,o,o,p,n,o,p,b,c,l
e,k,s,g,f,n,f,w,b,p,e,?,s,s,w,w,p,w,t,p,w,s,g
e,b,s,g,f,n,f,w,b,w,e,?,s,s,w,w,p,w,t,p,w,s,g
e,s,f,g,f,n,f,c,n,n,e,e,s,s,w,w,p,w,o,p,n,v,u
e,f,f,g,f,n,f,w,b,p,t,e,s,f,w,w,p,w,o,e,n,a,g
e,x,s,n,f,n,f,w,b,h,t,e,s,f,w,w,p,w,o,e,k,a,g
e,x,s,g,f,n,f,w,b,k,t,e,s,f,w,w,p,w,o,e,k,a,g
e,f,s,n,t,n,f,c,b,e,e,?,s,s,w,w,p,w,t,e,w,c,w
e,x,y,n,t,n,f,c,b,w,e,?,s,s,e,e,p,w,t,e,w,c,w
e,f,f,n,t,n,f,c,b,w,t,b,s,s,g,g,p,w,o,p,n,y,d
e,f,f,n,t,n,f,c,b,u,t,b,s,s,p,w,p,w,o,p,k,y,d
e,f,y,g,t,n,f,c,b,n,t,b,s,s,g,p,p,w,o,p,k,v,d
e,x,y,n,t,a,f,c,b,p,e,r,s,y,w,w,p,w,o,p,k,s,g
e,x,s,y,t,l,f,w,n,p,t,b,s,s,w,w,p,w,o,p,u,v,d
e,f,y,g,t,n,f,c,b,w,t,b,s,s,g,p,p,w,o,p,n,y,d
e,f,y,w,f,n,f,c,n,u,e,?,s,f,w,w,p,w,o,f,h,v,d
e,b,y,w,t,a,f,c,b,n,e,c,s,s,w,w,p,w,o,p,k,n,g
e,f,y,e,t,n,f,c,b,p,t,b,s,s,g,p,p,w,o,p,k,y,d
e,x,s,g,f,n,f,w,b,k,t,e,f,s,w,w,p,w,o,e,n,s,g
e,s,f,n,f,n,f,c,n,n,e,e,s,s,w,w,p,w,o,p,k,y,u
e,f,f,n,t,n,f,c,b,n,t,b,s,s,w,w,p,w,o,p,k,y,d
e,f,f,g,t,n,f,c,b,w,t,b,s,s,p,w,p,w,o,p,n,y,d
e,x,y,y,t,a,f,c,b,w,e,r,s,y,w,w,p,w,o,p,n,s,p
e,k,s,b,t,n,f,c,b,w,e,?,s,s,w,w,p,w,t,e,w,c,w
e,x,y,n,t,n,f,c,b,p,t,b,s,s,p,w,p,w,o,p,n,y,d
e,f,f,n,f,n,f,w,b,k,t,e,s,s,w,w,p,w,o,e,n,a,g
e,f,s,w,f,n,f,w,b,p,t,e,f,s,w,w,p,w,o,e,n,s,g
e,x,f,n,t,n,f,c,b,p,t,b,s,s,w,g,p,w,o,p,k,v,d
e,x,s,n,f,n,f,w,b,k,t,e,s,s,w,w,p,w,o,e,n,s,g
e,f,y,n,t,n,f,c,b,u,t,b,s,s,g,g,p,w,o,p,n,v,d
e,x,y,w,f,n,f,c,n,w,e,?,s,f,w,w,p,w,o,f,h,y,d
